{"train_loss": [0.541043831572221, 0.4940236203568883, 0.4659147200596693, 0.4521920865785593, 0.4419010083863933, 0.4542333827622189, 0.43749808865103523, 0.42311134992819965, 0.411175688036571, 0.4056600965781472, 0.3956280830694851, 0.3837545551009737, 0.37599176842989845, 0.36919637110640025, 0.36831896169452205], "val_loss": [0.5033020101904474, 0.45754681397924446, 0.46172505006683756, 0.41452380653316856, 0.42622565579095795, 0.41026656472460277, 0.40343127178803406, 0.40811689830349723, 0.3820380938097558, 0.39044923411197774, 0.3676385130875979, 0.3630491812985057, 0.35610514580295966, 0.35613171024381673, 0.34980585528320496], "train_acc": [0.7348752651247349, 0.7702252297747703, 0.7866882133117867, 0.7917887082112918, 0.7986062013937986, 0.7906777093222906, 0.7987577012422987, 0.8079486920513079, 0.8155741844258155, 0.8155236844763155, 0.824007675992324, 0.8293606706393294, 0.8331986668013331, 0.8352691647308352, 0.8386021613978386], "val_acc": [0.7716674998863792, 0.7883470435849657, 0.7823024133072762, 0.8147525337453984, 0.8040721719765487, 0.8200245421078943, 0.8194337135845112, 0.8187519883652229, 0.8325228377948461, 0.8260691723855837, 0.8393400899877289, 0.8391128482479662, 0.8445666500022724, 0.8437031313911739, 0.8464754806162796], "val_auc": [0.8354580102656628, 0.8705771080478358, 0.8701319221464116, 0.886140576076565, 0.8915806537636626, 0.8923149274303737, 0.8962827592229342, 0.897954375990083, 0.9044618635577748, 0.9042282113521878, 0.913215230576957, 0.913738844831107, 0.9171179196940298, 0.9194892802241786, 0.9200684243234796]}